Workbook

Sheet Raw Data
A1: PORT CODE | B1: DATE | C1: IEC | D1: HS CODE | E1: GOODS DESCRIPTION | F1: Master category | G1: Model Name | H1: Model Number | I1: Capacity | J1: Qty | K1: Unit of measure | L1: Price | M1: Unit of measure.1 | N1: QUANTITY | O1: UNIT | P1: UNIT PRICE_INR | Q1: TOTAL VALUE_INR | R1: UNIT PRICE_USD | S1: TOTAL VALUE_USD | T1: DUTY PAID_INR
A2: INNSA1 | B2: 2025-10-28 | C2: 301049751 | D2: 73239990 | E2: TH5170 STEEL CUTLERY HOLDER (QTY:600 PCS/USD 2.03 PER PCS) TH5170 STEEL CUTLERY HOLDER (QTY:600 PCS/USD 2.03 PER PCS) | N2: 290 | O2: KGS | P2: 401.72531 | Q2: 116500.34 | R2: 4.5290339 | S2: 1313.4198 | T2: 32736.6
A3: INNSA1 | B3: 2025-10-28 | C3: 301049751 | D3: 73231000 | E3: 8001-2 STEEL SCRUBBER 2PCS SET (QTY: 336000 SETS/USD 0.139 PER SETS)8001-2 STEEL SCRUBBER 2PCS SET (QTY: 336000 SETS/USD 0.139 P | N3: 9800 | O3: KGS | P3: 440.60222 | Q3: 4317901.7 | R3: 4.9673305 | S3: 48679.839 | T3: 1898149.5
A4: INNSA1 | B4: 2025-10-23 | C4: 301049751 | D4: 73239990 | E4: MILD STEEL MULTI FUNCTION CLOTH STAND (RYX-02-020) (QTY: 1,232 PCS/CNY:101 PER PCS)MILD STEEL MULTI FUNCTION CLOTH STAND (RYX-02-020) (QTY: 1,2 | N4: 4004 | O4: KGS | P4: 408.89366 | Q4: 1637210.2 | R4: 4.6098496 | S4: 18457.838 | T4: 460056
A5: INNSA1 | B5: 2025-10-13 | C5: 301049751 | D5: 73239990 | E5: SB-12 STEEL TEA STRAINER BIG (QTY 6336 PCS/USD 0.973 PER PCS)SB-12 STEEL TEA STRAINER BIG (QTY 6336 PCS/USD 0.973 PER PCS | N5: 1548.8 | O5: KGS | P5: 378.45784 | Q5: 586155.51 | R5: 4.219151 | S5: 6534.6211 | T5: 164709.7
A6: INNSA1 | B6: 2025-10-13 | C6: 301049751 | D6: 73239990 | E6: SB-12 STEEL TEA STRAINER BIG (QTY 43038 PCS/USD 0.9718 PER PCS)SB-12 STEEL TEA STRAINER BIG (QTY 43038 PCS/USD 0.9718 PER P | N6: 10042.2 | O6: KGS | P6: 399.73967 | Q6: 4014265.8 | R6: 4.4564066 | S6: 44752.127 | T6: 1128008.7
A7: INNSA1 | B7: 2025-10-08 | C7: 301049751 | D7: 73239990 | E7: STEEL HANGER WITH HOOK (SL-89) (QTY:70056 PCS/CNY:7.45 PER PCS)STEEL HANGER WITH HOOK (SL-89) (QTY:70056 PCS/:7.45 | N7: 15568 | O7: KGS | P7: 432.15818 | Q7: 6727838.5 | R7: 4.8178169 | S7: 75003.774 | T7: 1890522.7
A8: INNSA1 | B8: 2025-10-06 | C8: 301049751 | D8: 73239990 | E8: STEEL HANGER 10PCS SET (AM-969) (QTY: 480 SET/USD 0.819 PERSET)STEEL HANGER 10PCS SET (AM-969) (QTY: 480 SET/USD 0.819 PER | N8: 380 | O8: KGS | P8: 100.44208 | Q8: 38167.99 | R8: 1.1197556 | S8: 425.50713 | T8: 10725.3
A9: INNSA1 | B9: 2025-10-01 | C9: 301049751 | D9: 73239990 | E9: AM-967 STEEL FRUIT BASKET (QTY 400 PCS/USD 1.031 PER PCS) AM-967 STEEL FRUIT BASKET (QTY 400 PCS/USD 1.031 PER PCS) | N9: 460 | O9: KGS | P9: 85.377826 | Q9: 39273.8 | R9: 0.96092095 | S9: 442.02364 | T9: 11036
A10: INNSA1 | B10: 2025-10-01 | C10: 301049751 | D10: 73239990 | E10: AM-966 STEEL FRUIT BASKET (QTY 400 PCS/USD 1.017 PER PCS) AM-966 STEEL FRUIT BASKET (QTY 400 PCS/USD 1.017 PER PCS) | N10: 310 | O10: KGS | P10: 124.96932 | Q10: 38740.49 | R10: 1.4065202 | S10: 436.02127 | T10: 10886.1
A11: INNSA1 | B11: 2025-10-01 | C11: 301049751 | D11: 73239990 | E11: AM-965 STEEL SPOON & FORK HOLDER (QTY 480 PCS/USD 0.734 PERPCS)AM-965 STEEL SPOON & FORK HOLDER (QTY 480 PCS/USD 0.734 PER | N11: 168 | O11: KGS | P11: 199.71571 | Q11: 33552.24 | R11: 2.2477852 | S11: 377.62791 | T11: 9428.1
A12: INNSA1 | B12: 2025-10-01 | C12: 301049751 | D12: 73231000 | E12: 8001-2 STEEL SCRUBBER 2 PCS SET (QTY 336000 SETS/USD 0.139 PER SETS)8001-2 STEEL SCRUBBER 2 PCS SET (QTY 336000 SETS/USD 0.139 P | N12: 9800 | O12: KGS | P12: 456.12539 | Q12: 4470028.8 | R12: 5.1336566 | S12: 50309.835 | T12: 1965024.7
A13: INNSA1 | B13: 2025-09-27 | C13: 301049751 | D13: 73231000 | E13: OKS-4156 STEEL SCRUBBER 6PCS SET (QTY: 93360 PCS /USD 0.228PER PCS)OKS-4156 STEEL SCRUBBER 6PCS SET (QTY: 93360 PCS /USD 0.228 | N13: 7496.03 | O13: KGS | P13: 263.57138 | Q13: 1975739 | R13: 2.9664758 | S13: 22236.792 | T13: 868534.9
... A2080: INNSA1 | B2080: 2017-01-13 | C2080: 301049751 | D2080: 73239990 | E2080: STAINLESS STEEL SPORTS BOTTLE 750ML S-308-C6-NP-20(TOTAL NET WT.284.83 KGS) | N2080: 1656 | O2080: PCS | P2080: 79.149233 | Q2080: 131071.13 | R2080: 1.1504249 | S2080: 1905.1036 | T2080: 22410.6

Sheet Lookup Tables
A1: HS Code | B1: HSN Description | C1: Main Category
A2: 73239990 | B2: Household articles of iron or steel | C2: Steel
A3: 73239900 | B3: Table, kitchen household articles | C3: Steel
A4: 73211900 | B4: Cooking appliances and plate warmers | C4: Steel
A5: 73239300 | B5: Kitchen or tableware | C5: Steel

Sheet Cleaned Data
A1: Date | B1: Port Code | C1: IEC | D1: HS Code | E1: HSN Description | F1: Goods Description | G1: Main Category | H1: Sub Category | I1: Model Name | J1: Model Number | K1: Capacity | L1: Quantity | M1: Unit | N1: Unit Price INR | O1: Total Value INR | P1: Unit Price USD | Q1: Total Value USD | R1: Duty Paid INR | S1: Grand Total INR | T1: Year
A2: ='Raw Data'!B2 -> 0 | B2: ='Raw Data'!A2 -> 0 | C2: ='Raw Data'!C2 -> 0 | D2: ='Raw Data'!D2 -> 0 | E2: =IFERROR(VLOOKUP(D2,'Lookup Tables'!$A:$B,2,FALSE),"Unknown") -> 0 | F2: ='Raw Data'!E2 -> 0 | G2: =IFERROR(VLOOKUP(D2,'Lookup Tables'!$A:$C,3,FALSE),IF(ISNUMBER(SEARCH("STEEL",F2)),"Steel","Others")) -> 0 | H2: =IF(ISNUMBER(SEARCH("scrubber",F2)) , "Scrubber", IF(ISNUMBER(SEARCH("container",F2)),"Container", IF(ISNUMBER(SEARCH("basket",F2)),"Basket", IF(ISNUMBER(SEARCH("lunch",F2)),"Lunch Box", IF(ISNUMBER(SEARCH("cutlery",F2)),"Cutlery","Other"))))) -> 0 | I2: =IF('Raw Data'!G2<>'','Raw Data'!G2,IFERROR(MID(F2,SEARCH("MODEL",F2)+6,20),"")) -> 0 | J2: ='Raw Data'!H2 -> 0 | K2: ='Raw Data'!I2 -> 0 | L2: =IF('Raw Data'!N2<>0,'Raw Data'!N2,IFERROR(VALUE(MID(F2,SEARCH("QTY",F2)+4,IFERROR(FIND(" ",F2,SEARCH("QTY",F2)+4)-(SEARCH("QTY",F2)+4),3))),"")) -> 0 | M2: ='Raw Data'!O2 -> 0 | N2: ='Raw Data'!P2 -> 0 | O2: ='Raw Data'!Q2 -> 0 | P2: ='Raw Data'!R2 -> 0 | Q2: ='Raw Data'!S2 -> 0 | R2: ='Raw Data'!T2 -> 0 | S2: =IFERROR(O2,0)+IFERROR(R2,0) -> 0 | T2: =IF(A2="","",YEAR(A2)) -> 0
A3: ='Raw Data'!B3 -> 0 | B3: ='Raw Data'!A3 -> 0 | C3: ='Raw Data'!C3 -> 0 | D3: ='Raw Data'!D3 -> 0 | E3: =IFERROR(VLOOKUP(D3,'Lookup Tables'!$A:$B,2,FALSE),"Unknown") -> 0 | F3: ='Raw Data'!E3 -> 0 | G3: =IFERROR(VLOOKUP(D3,'Lookup Tables'!$A:$C,3,FALSE),IF(ISNUMBER(SEARCH("STEEL",F3)),"Steel","Others")) -> 0 | H3: =IF(ISNUMBER(SEARCH("scrubber",F3)) , "Scrubber", IF(ISNUMBER(SEARCH("container",F3)),"Container", IF(ISNUMBER(SEARCH("basket",F3)),"Basket", IF(ISNUMBER(SEARCH("lunch",F3)),"Lunch Box", IF(ISNUMBER(SEARCH("cutlery",F3)),"Cutlery","Other"))))) -> 0 | I3: =IF('Raw Data'!G3<>'','Raw Data'!G3,IFERROR(MID(F3,SEARCH("MODEL",F3)+6,20),"")) -> 0 | J3: ='Raw Data'!H3 -> 0 | K3: ='Raw Data'!I3 -> 0 | L3: =IF('Raw Data'!N3<>0,'Raw Data'!N3,IFERROR(VALUE(MID(F3,SEARCH("QTY",F3)+4,IFERROR(FIND(" ",F3,SEARCH("QTY",F3)+4)-(SEARCH("QTY",F3)+4),3))),"")) -> 0 | M3: ='Raw Data'!O3 -> 0 | N3: ='Raw Data'!P3 -> 0 | O3: ='Raw Data'!Q3 -> 0 | P3: ='Raw Data'!R3 -> 0 | Q3: ='Raw Data'!S3 -> 0 | R3: ='Raw Data'!T3 -> 0 | S3: =IFERROR(O3,0)+IFERROR(R3,0) -> 0 | T3: =IF(A3="","",YEAR(A3)) -> 0
A4: ='Raw Data'!B4 -> 0 | B4: ='Raw Data'!A4 -> 0 | C4: ='Raw Data'!C4 -> 0 | D4: ='Raw Data'!D4 -> 0 | E4: =IFERROR(VLOOKUP(D4,'Lookup Tables'!$A:$B,2,FALSE),"Unknown") -> 0 | F4: ='Raw Data'!E4 -> 0 | G4: =IFERROR(VLOOKUP(D4,'Lookup Tables'!$A:$C,3,FALSE),IF(ISNUMBER(SEARCH("STEEL",F4)),"Steel","Others")) -> 0 | H4: =IF(ISNUMBER(SEARCH("scrubber",F4)) , "Scrubber", IF(ISNUMBER(SEARCH("container",F4)),"Container", IF(ISNUMBER(SEARCH("basket",F4)),"Basket", IF(ISNUMBER(SEARCH("lunch",F4)),"Lunch Box", IF(ISNUMBER(SEARCH("cutlery",F4)),"Cutlery","Other"))))) -> 0 | I4: =IF('Raw Data'!G4<>'','Raw Data'!G4,IFERROR(MID(F4,SEARCH("MODEL",F4)+6,20),"")) -> 0 | J4: ='Raw Data'!H4 -> 0 | K4: ='Raw Data'!I4 -> 0 | L4: =IF('Raw Data'!N4<>0,'Raw Data'!N4,IFERROR(VALUE(MID(F4,SEARCH("QTY",F4)+4,IFERROR(FIND(" ",F4,SEARCH("QTY",F4)+4)-(SEARCH("QTY",F4)+4),3))),"")) -> 0 | M4: ='Raw Data'!O4 -> 0 | N4: ='Raw Data'!P4 -> 0 | O4: ='Raw Data'!Q4 -> 0 | P4: ='Raw Data'!R4 -> 0 | Q4: ='Raw Data'!S4 -> 0 | R4: ='Raw Data'!T4 -> 0 | S4: =IFERROR(O4,0)+IFERROR(R4,0) -> 0 | T4: =IF(A4="","",YEAR(A4)) -> 0
A5: ='Raw Data'!B5 -> 0 | B5: ='Raw Data'!A5 -> 0 | C5: ='Raw Data'!C5 -> 0 | D5: ='Raw Data'!D5 -> 0 | E5: =IFERROR(VLOOKUP(D5,'Lookup Tables'!$A:$B,2,FALSE),"Unknown") -> 0 | F5: ='Raw Data'!E5 -> 0 | G5: =IFERROR(VLOOKUP(D5,'Lookup Tables'!$A:$C,3,FALSE),IF(ISNUMBER(SEARCH("STEEL",F5)),"Steel","Others")) -> 0 | H5: =IF(ISNUMBER(SEARCH("scrubber",F5)) , "Scrubber", IF(ISNUMBER(SEARCH("container",F5)),"Container", IF(ISNUMBER(SEARCH("basket",F5)),"Basket", IF(ISNUMBER(SEARCH("lunch",F5)),"Lunch Box", IF(ISNUMBER(SEARCH("cutlery",F5)),"Cutlery","Other"))))) -> 0 | I5: =IF('Raw Data'!G5<>'','Raw Data'!G5,IFERROR(MID(F5,SEARCH("MODEL",F5)+6,20),"")) -> 0 | J5: ='Raw Data'!H5 -> 0 | K5: ='Raw Data'!I5 -> 0 | L5: =IF('Raw Data'!N5<>0,'Raw Data'!N5,IFERROR(VALUE(MID(F5,SEARCH("QTY",F5)+4,IFERROR(FIND(" ",F5,SEARCH("QTY",F5)+4)-(SEARCH("QTY",F5)+4),3))),"")) -> 0 | M5: ='Raw Data'!O5 -> 0 | N5: ='Raw Data'!P5 -> 0 | O5: ='Raw Data'!Q5 -> 0 | P5: ='Raw Data'!R5 -> 0 | Q5: ='Raw Data'!S5 -> 0 | R5: ='Raw Data'!T5 -> 0 | S5: =IFERROR(O5,0)+IFERROR(R5,0) -> 0 | T5: =IF(A5="","",YEAR(A5)) -> 0
A6: ='Raw Data'!B6 -> 0 | B6: ='Raw Data'!A6 -> 0 | C6: ='Raw Data'!C6 -> 0 | D6: ='Raw Data'!D6 -> 0 | E6: =IFERROR(VLOOKUP(D6,'Lookup Tables'!$A:$B,2,FALSE),"Unknown") -> 0 | F6: ='Raw Data'!E6 -> 0 | G6: =IFERROR(VLOOKUP(D6,'Lookup Tables'!$A:$C,3,FALSE),IF(ISNUMBER(SEARCH("STEEL",F6)),"Steel","Others")) -> 0 | H6: =IF(ISNUMBER(SEARCH("scrubber",F6)) , "Scrubber", IF(ISNUMBER(SEARCH("container",F6)),"Container", IF(ISNUMBER(SEARCH("basket",F6)),"Basket", IF(ISNUMBER(SEARCH("lunch",F6)),"Lunch Box", IF(ISNUMBER(SEARCH("cutlery",F6)),"Cutlery","Other"))))) -> 0 | I6: =IF('Raw Data'!G6<>'','Raw Data'!G6,IFERROR(MID(F6,SEARCH("MODEL",F6)+6,20),"")) -> 0 | J6: ='Raw Data'!H6 -> 0 | K6: ='Raw Data'!I6 -> 0 | L6: =IF('Raw Data'!N6<>0,'Raw Data'!N6,IFERROR(VALUE(MID(F6,SEARCH("QTY",F6)+4,IFERROR(FIND(" ",F6,SEARCH("QTY",F6)+4)-(SEARCH("QTY",F6)+4),3))),"")) -> 0 | M6: ='Raw Data'!O6 -> 0 | N6: ='Raw Data'!P6 -> 0 | O6: ='Raw Data'!Q6 -> 0 | P6: ='Raw Data'!R6 -> 0 | Q6: ='Raw Data'!S6 -> 0 | R6: ='Raw Data'!T6 -> 0 | S6: =IFERROR(O6,0)+IFERROR(R6,0) -> 0 | T6: =IF(A6="","",YEAR(A6)) -> 0
A7: ='Raw Data'!B7 -> 0 | B7: ='Raw Data'!A7 -> 0 | C7: ='Raw Data'!C7 -> 0 | D7: ='Raw Data'!D7 -> 0 | E7: =IFERROR(VLOOKUP(D7,'Lookup Tables'!$A:$B,2,FALSE),"Unknown") -> 0 | F7: ='Raw Data'!E7 -> 0 | G7: =IFERROR(VLOOKUP(D7,'Lookup Tables'!$A:$C,3,FALSE),IF(ISNUMBER(SEARCH("STEEL",F7)),"Steel","Others")) -> 0 | H7: =IF(ISNUMBER(SEARCH("scrubber",F7)) , "Scrubber", IF(ISNUMBER(SEARCH("container",F7)),"Container", IF(ISNUMBER(SEARCH("basket",F7)),"Basket", IF(ISNUMBER(SEARCH("lunch",F7)),"Lunch Box", IF(ISNUMBER(SEARCH("cutlery",F7)),"Cutlery","Other"))))) -> 0 | I7: =IF('Raw Data'!G7<>'','Raw Data'!G7,IFERROR(MID(F7,SEARCH("MODEL",F7)+6,20),"")) -> 0 | J7: ='Raw Data'!H7 -> 0 | K7: ='Raw Data'!I7 -> 0 | L7: =IF('Raw Data'!N7<>0,'Raw Data'!N7,IFERROR(VALUE(MID(F7,SEARCH("QTY",F7)+4,IFERROR(FIND(" ",F7,SEARCH("QTY",F7)+4)-(SEARCH("QTY",F7)+4),3))),"")) -> 0 | M7: ='Raw Data'!O7 -> 0 | N7: ='Raw Data'!P7 -> 0 | O7: ='Raw Data'!Q7 -> 0 | P7: ='Raw Data'!R7 -> 0 | Q7: ='Raw Data'!S7 -> 0 | R7: ='Raw Data'!T7 -> 0 | S7: =IFERROR(O7,0)+IFERROR(R7,0) -> 0 | T7: =IF(A7="","",YEAR(A7)) -> 0
A8: ='Raw Data'!B8 -> 0 | B8: ='Raw Data'!A8 -> 0 | C8: ='Raw Data'!C8 -> 0 | D8: ='Raw Data'!D8 -> 0 | E8: =IFERROR(VLOOKUP(D8,'Lookup Tables'!$A:$B,2,FALSE),"Unknown") -> 0 | F8: ='Raw Data'!E8 -> 0 | G8: =IFERROR(VLOOKUP(D8,'Lookup Tables'!$A:$C,3,FALSE),IF(ISNUMBER(SEARCH("STEEL",F8)),"Steel","Others")) -> 0 | H8: =IF(ISNUMBER(SEARCH("scrubber",F8)) , "Scrubber", IF(ISNUMBER(SEARCH("container",F8)),"Container", IF(ISNUMBER(SEARCH("basket",F8)),"Basket", IF(ISNUMBER(SEARCH("lunch",F8)),"Lunch Box", IF(ISNUMBER(SEARCH("cutlery",F8)),"Cutlery","Other"))))) -> 0 | I8: =IF('Raw Data'!G8<>'','Raw Data'!G8,IFERROR(MID(F8,SEARCH("MODEL",F8)+6,20),"")) -> 0 | J8: ='Raw Data'!H8 -> 0 | K8: ='Raw Data'!I8 -> 0 | L8: =IF('Raw Data'!N8<>0,'Raw Data'!N8,IFERROR(VALUE(MID(F8,SEARCH("QTY",F8)+4,IFERROR(FIND(" ",F8,SEARCH("QTY",F8)+4)-(SEARCH("QTY",F8)+4),3))),"")) -> 0 | M8: ='Raw Data'!O8 -> 0 | N8: ='Raw Data'!P8 -> 0 | O8: ='Raw Data'!Q8 -> 0 | P8: ='Raw Data'!R8 -> 0 | Q8: ='Raw Data'!S8 -> 0 | R8: ='Raw Data'!T8 -> 0 | S8: =IFERROR(O8,0)+IFERROR(R8,0) -> 0 | T8: =IF(A8="","",YEAR(A8)) -> 0
A9: ='Raw Data'!B9 -> 0 | B9: ='Raw Data'!A9 -> 0 | C9: ='Raw Data'!C9 -> 0 | D9: ='Raw Data'!D9 -> 0 | E9: =IFERROR(VLOOKUP(D9,'Lookup Tables'!$A:$B,2,FALSE),"Unknown") -> 0 | F9: ='Raw Data'!E9 -> 0 | G9: =IFERROR(VLOOKUP(D9,'Lookup Tables'!$A:$C,3,FALSE),IF(ISNUMBER(SEARCH("STEEL",F9)),"Steel","Others")) -> 0 | H9: =IF(ISNUMBER(SEARCH("scrubber",F9)) , "Scrubber", IF(ISNUMBER(SEARCH("container",F9)),"Container", IF(ISNUMBER(SEARCH("basket",F9)),"Basket", IF(ISNUMBER(SEARCH("lunch",F9)),"Lunch Box", IF(ISNUMBER(SEARCH("cutlery",F9)),"Cutlery","Other"))))) -> 0 | I9: =IF('Raw Data'!G9<>'','Raw Data'!G9,IFERROR(MID(F9,SEARCH("MODEL",F9)+6,20),"")) -> 0 | J9: ='Raw Data'!H9 -> 0 | K9: ='Raw Data'!I9 -> 0 | L9: =IF('Raw Data'!N9<>0,'Raw Data'!N9,IFERROR(VALUE(MID(F9,SEARCH("QTY",F9)+4,IFERROR(FIND(" ",F9,SEARCH("QTY",F9)+4)-(SEARCH("QTY",F9)+4),3))),"")) -> 0 | M9: ='Raw Data'!O9 -> 0 | N9: ='Raw Data'!P9 -> 0 | O9: ='Raw Data'!Q9 -> 0 | P9: ='Raw Data'!R9 -> 0 | Q9: ='Raw Data'!S9 -> 0 | R9: ='Raw Data'!T9 -> 0 | S9: =IFERROR(O9,0)+IFERROR(R9,0) -> 0 | T9: =IF(A9="","",YEAR(A9)) -> 0
A10: ='Raw Data'!B10 -> 0 | B10: ='Raw Data'!A10 -> 0 | C10: ='Raw Data'!C10 -> 0 | D10: ='Raw Data'!D10 -> 0 | E10: =IFERROR(VLOOKUP(D10,'Lookup Tables'!$A:$B,2,FALSE),"Unknown") -> 0 | F10: ='Raw Data'!E10 -> 0 | G10: =IFERROR(VLOOKUP(D10,'Lookup Tables'!$A:$C,3,FALSE),IF(ISNUMBER(SEARCH("STEEL",F10)),"Steel","Others")) -> 0 | H10: =IF(ISNUMBER(SEARCH("scrubber",F10)) , "Scrubber", IF(ISNUMBER(SEARCH("container",F10)),"Container", IF(ISNUMBER(SEARCH("basket",F10)),"Basket", IF(ISNUMBER(SEARCH("lunch",F10)),"Lunch Box", IF(ISNUMBER(SEARCH("cutlery",F10)),"Cutlery","Other"))))) -> 0 | I10: =IF('Raw Data'!G10<>'','Raw Data'!G10,IFERROR(MID(F10,SEARCH("MODEL",F10)+6,20),"")) -> 0 | J10: ='Raw Data'!H10 -> 0 | K10: ='Raw Data'!I10 -> 0 | L10: =IF('Raw Data'!N10<>0,'Raw Data'!N10,IFERROR(VALUE(MID(F10,SEARCH("QTY",F10)+4,IFERROR(FIND(" ",F10,SEARCH("QTY",F10)+4)-(SEARCH("QTY",F10)+4),3))),"")) -> 0 | M10: ='Raw Data'!O10 -> 0 | N10: ='Raw Data'!P10 -> 0 | O10: ='Raw Data'!Q10 -> 0 | P10: ='Raw Data'!R10 -> 0 | Q10: ='Raw Data'!S10 -> 0 | R10: ='Raw Data'!T10 -> 0 | S10: =IFERROR(O10,0)+IFERROR(R10,0) -> 0 | T10: =IF(A10="","",YEAR(A10)) -> 0
A11: ='Raw Data'!B11 -> 0 | B11: ='Raw Data'!A11 -> 0 | C11: ='Raw Data'!C11 -> 0 | D11: ='Raw Data'!D11 -> 0 | E11: =IFERROR(VLOOKUP(D11,'Lookup Tables'!$A:$B,2,FALSE),"Unknown") -> 0 | F11: ='Raw Data'!E11 -> 0 | G11: =IFERROR(VLOOKUP(D11,'Lookup Tables'!$A:$C,3,FALSE),IF(ISNUMBER(SEARCH("STEEL",F11)),"Steel","Others")) -> 0 | H11: =IF(ISNUMBER(SEARCH("scrubber",F11)) , "Scrubber", IF(ISNUMBER(SEARCH("container",F11)),"Container", IF(ISNUMBER(SEARCH("basket",F11)),"Basket", IF(ISNUMBER(SEARCH("lunch",F11)),"Lunch Box", IF(ISNUMBER(SEARCH("cutlery",F11)),"Cutlery","Other"))))) -> 0 | I11: =IF('Raw Data'!G11<>'','Raw Data'!G11,IFERROR(MID(F11,SEARCH("MODEL",F11)+6,20),"")) -> 0 | J11: ='Raw Data'!H11 -> 0 | K11: ='Raw Data'!I11 -> 0 | L11: =IF('Raw Data'!N11<>0,'Raw Data'!N11,IFERROR(VALUE(MID(F11,SEARCH("QTY",F11)+4,IFERROR(FIND(" ",F11,SEARCH("QTY",F11)+4)-(SEARCH("QTY",F11)+4),3))),"")) -> 0 | M11: ='Raw Data'!O11 -> 0 | N11: ='Raw Data'!P11 -> 0 | O11: ='Raw Data'!Q11 -> 0 | P11: ='Raw Data'!R11 -> 0 | Q11: ='Raw Data'!S11 -> 0 | R11: ='Raw Data'!T11 -> 0 | S11: =IFERROR(O11,0)+IFERROR(R11,0) -> 0 | T11: =IF(A11="","",YEAR(A11)) -> 0
A12: ='Raw Data'!B12 -> 0 | B12: ='Raw Data'!A12 -> 0 | C12: ='Raw Data'!C12 -> 0 | D12: ='Raw Data'!D12 -> 0 | E12: =IFERROR(VLOOKUP(D12,'Lookup Tables'!$A:$B,2,FALSE),"Unknown") -> 0 | F12: ='Raw Data'!E12 -> 0 | G12: =IFERROR(VLOOKUP(D12,'Lookup Tables'!$A:$C,3,FALSE),IF(ISNUMBER(SEARCH("STEEL",F12)),"Steel","Others")) -> 0 | H12: =IF(ISNUMBER(SEARCH("scrubber",F12)) , "Scrubber", IF(ISNUMBER(SEARCH("container",F12)),"Container", IF(ISNUMBER(SEARCH("basket",F12)),"Basket", IF(ISNUMBER(SEARCH("lunch",F12)),"Lunch Box", IF(ISNUMBER(SEARCH("cutlery",F12)),"Cutlery","Other"))))) -> 0 | I12: =IF('Raw Data'!G12<>'','Raw Data'!G12,IFERROR(MID(F12,SEARCH("MODEL",F12)+6,20),"")) -> 0 | J12: ='Raw Data'!H12 -> 0 | K12: ='Raw Data'!I12 -> 0 | L12: =IF('Raw Data'!N12<>0,'Raw Data'!N12,IFERROR(VALUE(MID(F12,SEARCH("QTY",F12)+4,IFERROR(FIND(" ",F12,SEARCH("QTY",F12)+4)-(SEARCH("QTY",F12)+4),3))),"")) -> 0 | M12: ='Raw Data'!O12 -> 0 | N12: ='Raw Data'!P12 -> 0 | O12: ='Raw Data'!Q12 -> 0 | P12: ='Raw Data'!R12 -> 0 | Q12: ='Raw Data'!S12 -> 0 | R12: ='Raw Data'!T12 -> 0 | S12: =IFERROR(O12,0)+IFERROR(R12,0) -> 0 | T12: =IF(A12="","",YEAR(A12)) -> 0
A13: ='Raw Data'!B13 -> 0 | B13: ='Raw Data'!A13 -> 0 | C13: ='Raw Data'!C13 -> 0 | D13: ='Raw Data'!D13 -> 0 | E13: =IFERROR(VLOOKUP(D13,'Lookup Tables'!$A:$B,2,FALSE),"Unknown") -> 0 | F13: ='Raw Data'!E13 -> 0 | G13: =IFERROR(VLOOKUP(D13,'Lookup Tables'!$A:$C,3,FALSE),IF(ISNUMBER(SEARCH("STEEL",F13)),"Steel","Others")) -> 0 | H13: =IF(ISNUMBER(SEARCH("scrubber",F13)) , "Scrubber", IF(ISNUMBER(SEARCH("container",F13)),"Container", IF(ISNUMBER(SEARCH("basket",F13)),"Basket", IF(ISNUMBER(SEARCH("lunch",F13)),"Lunch Box", IF(ISNUMBER(SEARCH("cutlery",F13)),"Cutlery","Other"))))) -> 0 | I13: =IF('Raw Data'!G13<>'','Raw Data'!G13,IFERROR(MID(F13,SEARCH("MODEL",F13)+6,20),"")) -> 0 | J13: ='Raw Data'!H13 -> 0 | K13: ='Raw Data'!I13 -> 0 | L13: =IF('Raw Data'!N13<>0,'Raw Data'!N13,IFERROR(VALUE(MID(F13,SEARCH("QTY",F13)+4,IFERROR(FIND(" ",F13,SEARCH("QTY",F13)+4)-(SEARCH("QTY",F13)+4),3))),"")) -> 0 | M13: ='Raw Data'!O13 -> 0 | N13: ='Raw Data'!P13 -> 0 | O13: ='Raw Data'!Q13 -> 0 | P13: ='Raw Data'!R13 -> 0 | Q13: ='Raw Data'!S13 -> 0 | R13: ='Raw Data'!T13 -> 0 | S13: =IFERROR(O13,0)+IFERROR(R13,0) -> 0 | T13: =IF(A13="","",YEAR(A13)) -> 0
... A2080: ='Raw Data'!B2080 -> 0 | B2080: ='Raw Data'!A2080 -> 0 | C2080: ='Raw Data'!C2080 -> 0 | D2080: ='Raw Data'!D2080 -> 0 | E2080: =IFERROR(VLOOKUP(D2080,'Lookup Tables'!$A:$B,2,FALSE),"Unknown") -> 0 | F2080: ='Raw Data'!E2080 -> 0 | G2080: =IFERROR(VLOOKUP(D2080,'Lookup Tables'!$A:$C,3,FALSE),IF(ISNUMBER(SEARCH("STEEL",F2080)),"Steel","Others")) -> 0 | H2080: =IF(ISNUMBER(SEARCH("scrubber",F2080)) , "Scrubber", IF(ISNUMBER(SEARCH("container",F2080)),"Container", IF(ISNUMBER(SEARCH("basket",F2080)),"Basket", IF(ISNUMBER(SEARCH("lunch",F2080)),"Lunch Box", IF(ISNUMBER(SEARCH("cutlery",F2080)),"Cutlery","Other"))))) -> 0 | I2080: =IF('Raw Data'!G2080<>'','Raw Data'!G2080,IFERROR(MID(F2080,SEARCH("MODEL",F2080)+6,20),"")) -> 0 | J2080: ='Raw Data'!H2080 -> 0 | K2080: ='Raw Data'!I2080 -> 0 | L2080: =IF('Raw Data'!N2080<>0,'Raw Data'!N2080,IFERROR(VALUE(MID(F2080,SEARCH("QTY",F2080)+4,IFERROR(FIND(" ",F2080,SEARCH("QTY",F2080)+4)-(SEARCH("QTY",F2080)+4),3))),"")) -> 0 | M2080: ='Raw Data'!O2080 -> 0 | N2080: ='Raw Data'!P2080 -> 0 | O2080: ='Raw Data'!Q2080 -> 0 | P2080: ='Raw Data'!R2080 -> 0 | Q2080: ='Raw Data'!S2080 -> 0 | R2080: ='Raw Data'!T2080 -> 0 | S2080: =IFERROR(O2080,0)+IFERROR(R2080,0) -> 0 | T2080: =IF(A2080="","",YEAR(A2080)) -> 0

Sheet Year Summary
A1: Year | B1: Total Value INR | C1: Duty Paid INR | D1: Grand Total INR | E1: YoY Growth %
A2: 2017 | B2: =SUMIFS('Cleaned Data'!O:O,'Cleaned Data'!T:T,2017) -> 0 | C2: =SUMIFS('Cleaned Data'!R:R,'Cleaned Data'!T:T,2017) -> 0 | D2: =SUMIFS('Cleaned Data'!S:S,'Cleaned Data'!T:T,2017) -> 0
A3: 2018 | B3: =SUMIFS('Cleaned Data'!O:O,'Cleaned Data'!T:T,2018) -> 0 | C3: =SUMIFS('Cleaned Data'!R:R,'Cleaned Data'!T:T,2018) -> 0 | D3: =SUMIFS('Cleaned Data'!S:S,'Cleaned Data'!T:T,2018) -> 0 | E3: =IFERROR((D3-D2)/D2,"") -> 0
A4: 2019 | B4: =SUMIFS('Cleaned Data'!O:O,'Cleaned Data'!T:T,2019) -> 0 | C4: =SUMIFS('Cleaned Data'!R:R,'Cleaned Data'!T:T,2019) -> 0 | D4: =SUMIFS('Cleaned Data'!S:S,'Cleaned Data'!T:T,2019) -> 0 | E4: =IFERROR((D4-D3)/D3,"") -> 0
A5: 2020 | B5: =SUMIFS('Cleaned Data'!O:O,'Cleaned Data'!T:T,2020) -> 0 | C5: =SUMIFS('Cleaned Data'!R:R,'Cleaned Data'!T:T,2020) -> 0 | D5: =SUMIFS('Cleaned Data'!S:S,'Cleaned Data'!T:T,2020) -> 0 | E5: =IFERROR((D5-D4)/D4,"") -> 0
A6: 2021 | B6: =SUMIFS('Cleaned Data'!O:O,'Cleaned Data'!T:T,2021) -> 0 | C6: =SUMIFS('Cleaned Data'!R:R,'Cleaned Data'!T:T,2021) -> 0 | D6: =SUMIFS('Cleaned Data'!S:S,'Cleaned Data'!T:T,2021) -> 0 | E6: =IFERROR((D6-D5)/D5,"") -> 0
A7: 2022 | B7: =SUMIFS('Cleaned Data'!O:O,'Cleaned Data'!T:T,2022) -> 0 | C7: =SUMIFS('Cleaned Data'!R:R,'Cleaned Data'!T:T,2022) -> 0 | D7: =SUMIFS('Cleaned Data'!S:S,'Cleaned Data'!T:T,2022) -> 0 | E7: =IFERROR((D7-D6)/D6,"") -> 0
A8: 2023 | B8: =SUMIFS('Cleaned Data'!O:O,'Cleaned Data'!T:T,2023) -> 0 | C8: =SUMIFS('Cleaned Data'!R:R,'Cleaned Data'!T:T,2023) -> 0 | D8: =SUMIFS('Cleaned Data'!S:S,'Cleaned Data'!T:T,2023) -> 0 | E8: =IFERROR((D8-D7)/D7,"") -> 0
A9: 2024 | B9: =SUMIFS('Cleaned Data'!O:O,'Cleaned Data'!T:T,2024) -> 0 | C9: =SUMIFS('Cleaned Data'!R:R,'Cleaned Data'!T:T,2024) -> 0 | D9: =SUMIFS('Cleaned Data'!S:S,'Cleaned Data'!T:T,2024) -> 0 | E9: =IFERROR((D9-D8)/D8,"") -> 0
A10: 2025 | B10: =SUMIFS('Cleaned Data'!O:O,'Cleaned Data'!T:T,2025) -> 0 | C10: =SUMIFS('Cleaned Data'!R:R,'Cleaned Data'!T:T,2025) -> 0 | D10: =SUMIFS('Cleaned Data'!S:S,'Cleaned Data'!T:T,2025) -> 0 | E10: =IFERROR((D10-D9)/D9,"") -> 0

Sheet HSN Summary
A1: HS Code | B1: HSN Description | C1: Total Value INR | D1: Duty Paid INR | E1: Grand Total INR | F1: % Contribution
A2: 73231000 | B2: =IFERROR(VLOOKUP(A2,'Lookup Tables'!$A:$B,2,FALSE),"Unknown") -> 0 | C2: =SUMIFS('Cleaned Data'!O:O,'Cleaned Data'!D:D,A2) -> 0 | D2: =SUMIFS('Cleaned Data'!R:R,'Cleaned Data'!D:D,A2) -> 0 | E2: =SUMIFS('Cleaned Data'!S:S,'Cleaned Data'!D:D,A2) -> 0 | F2: =IF($E$6=0,0, E2/$E$6) -> 0
A3: 73239390 | B3: =IFERROR(VLOOKUP(A3,'Lookup Tables'!$A:$B,2,FALSE),"Unknown") -> 0 | C3: =SUMIFS('Cleaned Data'!O:O,'Cleaned Data'!D:D,A3) -> 0 | D3: =SUMIFS('Cleaned Data'!R:R,'Cleaned Data'!D:D,A3) -> 0 | E3: =SUMIFS('Cleaned Data'!S:S,'Cleaned Data'!D:D,A3) -> 0 | F3: =IF($E$6=0,0, E3/$E$6) -> 0
A4: 73239990 | B4: =IFERROR(VLOOKUP(A4,'Lookup Tables'!$A:$B,2,FALSE),"Unknown") -> 0 | C4: =SUMIFS('Cleaned Data'!O:O,'Cleaned Data'!D:D,A4) -> 0 | D4: =SUMIFS('Cleaned Data'!R:R,'Cleaned Data'!D:D,A4) -> 0 | E4: =SUMIFS('Cleaned Data'!S:S,'Cleaned Data'!D:D,A4) -> 0 | F4: =IF($E$6=0,0, E4/$E$6) -> 0
C6: =SUM(C2:C4) -> 0 | E6: =SUM(E2:E4) -> 0

Sheet Model Summary
A1: Model Name | B1: Total Qty | C1: Total Value INR | D1: Avg Unit Price USD | E1: Avg Unit Price INR | F1: % of Total Value
C3: =SUM(C2:C1) -> 0

Sheet Supplier Summary
A1: IEC | B1: Total Value INR | C1: Total Qty | D1: % Contribution
A2: 301049751 | B2: =SUMIFS('Cleaned Data'!O:O,'Cleaned Data'!C:C,"301049751") -> 0 | C2: =SUMIFS('Cleaned Data'!L:L,'Cleaned Data'!C:C,"301049751") -> 0 | D2: =IF($B$4=0,0, B2/$B$4) -> 0
B4: =SUM(B2:B2) -> 0

Sheet Notes
A1: Notes and assumptions:
A2: - This workbook was generated from the provided Sample Data CSV.
A3: - Cleaned Data sheet contains formulas that reference Raw Data. Do NOT edit formulas.
A4: - HSN mapping is in Lookup Tables; extend as needed.
A5: - Pivot-like summaries are built using SUMIFS/AVERAGEIFS formulas (no VBA or SQL).
A6: - Charts are created from summary sheets. Refresh by saving and re-opening if needed.
